ID,Status,Tip,Hala (plan 2025),"Hala (plan 2026, <=30 m)",Data,Adancime (m),X Stereo70 (E),Y Stereo70 (N),Lat,Lon,Sursa pozitie
CPTA1,EXECUTAT,CPT,A,A1,03-04-2025,15.16,434164.78,481033.91,45.825881,24.150997,pozitie executata (KMZ)
CPTA2,EXECUTAT,CPT,A,A1/A2,03-04-2025,15.17,434108.63,481049.94,45.826019,24.150272,pozitie executata (KMZ)
CPTA3,EXECUTAT,CPT,A,A2,03-04-2025,15.18,434060.19,481061.26,45.826117,24.149647,pozitie executata (KMZ)
CPTA4,EXECUTAT,CPT,A,A1,04-04-2025,15.16,434151.4,480993.3,45.825514,24.150831,pozitie executata (KMZ)
CPTA6,EXECUTAT,CPT,A,A2,03-04-2025,15.17,434053.81,481029.53,45.825831,24.149569,pozitie executata (KMZ)
CPTA7,EXECUTAT,CPT,A,A1,04-04-2025,15.16,434139.31,480951.76,45.825139,24.150681,pozitie executata (KMZ)
CPTA8,EXECUTAT,CPT,A,A1/A2,04-04-2025,15.16,434092.43,480967.69,45.825278,24.150075,pozitie executata (KMZ)
CPTA9,EXECUTAT,CPT,A,A2,04-04-2025,15.17,434037.31,480980.32,45.825386,24.149364,pozitie executata (KMZ)
CPTB11,EXECUTAT,CPT,B1,D,07-04-2025,15.17,433644.59,481187.33,45.827211,24.144281,pozitie executata (KMZ)
CPTB12,EXECUTAT,CPT,B1,D,08-04-2025,15.18,433589.73,481203.05,45.827347,24.143572,pozitie executata (KMZ)
CPTB13,EXECUTAT,CPT,B1,D,08-04-2025,15.18,433535.76,481221.84,45.827511,24.142875,pozitie executata (KMZ)
CPTB14,EXECUTAT,CPT,B1,D,07-04-2025,15.17,433629.7,481127.3,45.826669,24.144097,pozitie executata (KMZ)
CPTB16,EXECUTAT,CPT,B1,D,08-04-2025,15.17,433521.05,481158.1,45.826936,24.142694,pozitie executata (KMZ)
CPTB17,EXECUTAT,CPT,B1,D,07-04-2025,15.17,433617.96,481078.96,45.826233,24.143953,pozitie executata (KMZ)
CPTB18,EXECUTAT,CPT,B1,D,07-04-2025,15.17,433565.45,481092.8,45.826353,24.143275,pozitie executata (KMZ)
CPTB19,EXECUTAT,CPT,B1,D,07-04-2025,15.17,433513.1,481101.38,45.826425,24.1426,pozitie executata (KMZ)
CPTB21,EXECUTAT,CPT,B2,E,13-04-2025,15.18,433803.28,481241.0,45.827709,24.146316,pozitie proiectata (KMZ)
CPTB210,EXECUTAT,CPT,B2,D,08-04-2025,15.17,433590.34,481260.46,45.827864,24.143572,pozitie executata (KMZ)
CPTB211,EXECUTAT,CPTu,B2,D,12-04-2025,15.19,433595.82,481321.19,45.828411,24.143634,pozitie proiectata (KMZ)
CPTB212,EXECUTAT,CPT,B2,D,09-04-2025,15.17,433602.67,481383.49,45.828972,24.143714,pozitie executata (KMZ)
CPTB213,EXECUTAT,CPT,B2,D,08-04-2025,15.18,433522.09,481275.08,45.827989,24.142692,pozitie executata (KMZ)
CPTB214,EXECUTAT,CPT,B2,D,09-04-2025,15.17,433522.42,481326.01,45.828447,24.142689,pozitie executata (KMZ)
CPTB215,EXECUTAT,CPT,B2,D,09-04-2025,15.18,433529.9,481387.36,45.829,24.142777,pozitie executata (KMZ)
CPTB22,EXECUTAT,CPT,B2,E,13-04-2025,15.17,433808.88,481301.46,45.828254,24.146379,pozitie proiectata (KMZ)
CPTB23,EXECUTAT,CPT,B2,E,13-04-2025,10.13,433814.6,481357.63,45.82876,24.146445,pozitie proiectata (KMZ)
CPTB24,EXECUTAT,CPT,B2,E,13-04-2025,15.18,433728.2,481248.7,45.827771,24.145348,pozitie proiectata (KMZ)
CPTB26,EXECUTAT,CPT,B2,E,09-04-2025,15.18,433736.03,481362.93,45.8288,24.145433,pozitie executata (KMZ)
CPTB27,EXECUTAT,CPT,B2,E,13-04-2025,15.18,433658.75,481255.58,45.827827,24.144453,pozitie proiectata (KMZ)
CPTBN29,EXECUTAT,CPT,B2,E,09-04-2025,15.17,433672.44,481369.78,45.828856,24.144614,pozitie executata (KMZ)
CPTC1,EXECUTAT,CPT,C,C,04-04-2025,15.17,433825.85,481165.02,45.827028,24.146617,pozitie executata (KMZ)
CPTC2,EXECUTAT,CPT,C,C,05-04-2025,15.18,433769.76,481187.53,45.827225,24.145892,pozitie executata (KMZ)
CPTC3,EXECUTAT,CPT,C,C,05-04-2025,15.17,433715.93,481198.92,45.827322,24.145197,pozitie executata (KMZ)
CPTC6,EXECUTAT,CPT,C,C,05-04-2025,15.17,433699.3,481137.35,45.826767,24.144992,pozitie executata (KMZ)
CPTC8,EXECUTAT,CPT,C,C,05-04-2025,15.17,433732.16,481061.4,45.826086,24.145425,pozitie executata (KMZ)
CPTC9,EXECUTAT,CPT,C,C,05-04-2025,15.17,433679.18,481071.82,45.826175,24.144742,pozitie executata (KMZ)
CPTUA5,EXECUTAT,CPTu,A,A1/A2,13-04-2025,15.28,434097.79,481007.72,45.825638,24.150139,pozitie proiectata (KMZ)
CPTUB15,EXECUTAT,CPTu,B1,D,12-04-2025,15.17,433574.54,481147.1,45.826842,24.143384,pozitie proiectata (KMZ)
CPTUB25,EXECUTAT,CPTu,B2,E,12-04-2025,15.19,433732.83,481307.36,45.8283,24.1454,pozitie proiectata (KMZ)
CPTUB28,EXECUTAT,CPTu,B2,E,12-04-2025,15.19,433664.78,481313.91,45.828352,24.144523,pozitie proiectata (KMZ)
CPTUC5,EXECUTAT,CPTu,C,C,12-04-2025,15.19,433754.25,481123.19,45.826645,24.145701,pozitie proiectata (KMZ)
FC1,PROPUS,Foraj + probe + laborator,,C,,12,433814.83,481137.56,45.82678,24.146479,propunere
FC2,PROPUS,Foraj + probe + laborator,,C,,12,433795.61,481060.2,45.826082,24.146242,propunere
FC3,PROPUS,Foraj + probe + laborator,,C,,12,433770.04,481107.62,45.826506,24.145906,propunere
FC4,PROPUS,Foraj + probe + laborator,,C,,12,433744.46,481155.03,45.82693,24.145571,propunere
FC5,PROPUS,Foraj + probe + laborator,,C,,12,433725.25,481077.68,45.826232,24.145334,propunere
FD1,PROPUS,Foraj + probe + laborator,,D,,12,433551.29,481098.44,45.826402,24.143092,propunere
FD2,PROPUS,Foraj + probe + laborator,,D,,12,433607.08,481093.6,45.826364,24.143811,propunere
FD3,PROPUS,Foraj + probe + laborator,,D,,12,433584.37,481155.8,45.826922,24.14351,propunere
FD4,PROPUS,Foraj + probe + laborator,,D,,12,433561.22,481213.01,45.827434,24.143204,propunere
FD5,PROPUS,Foraj + probe + laborator,,D,,12,433617.01,481208.18,45.827396,24.143923,propunere
FD6,PROPUS,Foraj + probe + laborator,,D,,12,433577.66,481286.87,45.8281,24.143405,propunere
FD7,PROPUS,Foraj + probe + laborator,,D,,12,433584.13,481361.59,45.828773,24.143478,propunere
FE1,PROPUS,Foraj + probe + laborator,,E,,12,433789.05,481275.7,45.82802,24.146128,propunere
FE2,PROPUS,Foraj + probe + laborator,,E,,12,433662.89,481286.63,45.828106,24.144502,propunere
FE3,PROPUS,Foraj + probe + laborator,,E,,12,433727.8,481302.31,45.828254,24.145336,propunere
FE4,PROPUS,Foraj + probe + laborator,,E,,12,433792.71,481317.99,45.828401,24.146169,propunere
FE5,PROPUS,Foraj + probe + laborator,,E,,12,433666.55,481328.92,45.828487,24.144544,propunere
